address,balance_raw
0:66dd0361033c488c2e730ea8eff21d7d14d052f5689b2ecb4d89d1bf75af2e8a,82429304221265380608
0:26a6c2a8d2a871a327bf4abd03d6a9f69fa7fb767afbd629d63ef6bb21114db4,19500000000000000000
0:676feea31366a748e387a1975b3ff5caf14e8cbf6012c60d44265fb8fceb6207,10889997000000000000
0:80c64645a8f1da3715b7c21ceaec1514da93452134f164cab46a54ca58a1128d,8237066187475186222
0:713acf703cf4ea04710322a78741a56b2c6ab82773dec658af3427ab7ccb3178,4950000000000000000
0:eb0243de71cca96024a7bf6107e78e3b33ca11f59146806934e9883d91b96aef,3960000000000000000
0:b60d8100046ce15215e9bf25cd6bf3a49e17df9a6cf16b74f427900a65be9f62,13999886880900062
0:a227fc987615573860e28cf6b4ef97455fdc26eb03305aac3559edc6dbfe765a,13000000000000000
0:8555da78afa1a87dfb6447e0613ae9586f828e684cdd5d1019953a0250d72d69,1509089367280326
0:41e5126e39800cf265a080e60952b2f8839ef065fcf01e8fa96a3a396ce0af1f,1087872022116045
0:179931e6339b8ef876905b90a75db12cdbd7efeabb1a24a7eb4da9e7ed460885,633407732950705
0:a45a430283b6b0dca2168066b246195a05000ac1641aa6b18f58bdbd41e41bef,474500000000000
0:5ebaa359dc7aaf356d41a22ff46f4679836fd9952a326613e086bd7924acb93f,474500000000000
0:1ce6232dcc2292ef6bc0465e61ab7cd1a2e252d767f787cb2c2b09ca7570c577,400639101787841
0:28b81b9dcb759338e1bd69cf62a262aa6c323d5458c2e4834ea0a50264e9520a,334534593694032
0:e9f89890de7e180aeb6b3031dc777467dad8b551127262686670427f4cab1262,250000000000000
0:c48f414ff62f22085fb152699508c1041edaacafb87a0c13ac7a2e72e1b8aabf,213134486048848
0:f9bae742601e9d914aad1743865a7e6a19d1ce78ad4aed7dc093e4c52c059bb7,121142737064080
0:242e7d36a55d87c0348166ba50f695ba40d8b0a6c4c11dc8ffa47d588cecd048,94771091974498
0:86dd35c62701f695e02d6a5ca7095c1b4f124c33ea27b33418a5a8fe4795011f,91229816602312
0:2bacd24dec2a62dbd39fb3dea6d0fec84672b75fa1c83cd31b462a2834721f50,70322521512393
0:1675b3dbceb4d6761670b6f781f15ddd011ccbe7cc6ff740087d33133d19dd73,63222716940615
0:5ba0b7e516ce97125bf870843dd0483de80e03850259d47850609e0562b897df,60715757263024
0:e5c74800c1a13fbdeed51abb03516786e8e0e48bdee5648fc8f5ed00780b1863,59028404823415
0:aa9b433af4d7036b97f00d6bad56f5676da7fc1c5278317ca5a5459ab1691c48,53415104582421
0:8d217d8421105b23ef2b3171b166eb4e6d078dac6f8535fe2a0af606d50e063a,36021804991779
0:0159e9f76e36cba5310ca5db16f591831029676fe655a8a4e727da5d9ed1823e,28742645733367
0:2e578f88b7edf3a37b3988ed38f515648780f0c477067c58e37852e4858cd6a7,24877521048425
0:25e57954794703e88a768703614644d24c409e744f1a5d86990940ff0fa796ba,24178926448823
0:dd7fe4e7d511e9af4744e7221e60c0a81582215cb031a34c3cf35746740587b3,23388929610883
0:ae68e0503bd24e42526b5f60851dd0cd68e5f41f4cefa128de79ee7573220135,20550251470187
0:2a4abf31955ef98a721aac5ffbe97d58bb8bc511a823bda60bc7fae9b41d5bf4,18449342830347
0:f7404e6ea52e2a442817dd1fcdc7eff7828cd7e477ba9c2bb76181167ec8e2a5,16162524376289
0:f87698f37d7ccdd08748094c0281f4932adab48c3467cb45d1b716b436af85b9,9660373226833
0:4d215e0adc94848f0e4228efa1d427c9b533e02d77adacd38817f7b01f62668c,3000000000000
0:ab87df4b2ee498a3d323d3c622e658f60db8fed250ae573b76eb91cf3af4b2d7,3000000000000
0:1157b736a72ddefb0ac6ee043c8dd9dab05067988d3882428779b69f6e4f880f,3000000000000
0:a6fc134547774a2184771e1bdc5ac13e4a182e4dec701e269eeb8fcaceb6d37b,3000000000000
0:83ec2f151e9b056ccd36e6fd2d91d80cecd5317ed3c47e09d8d5ea8e88c944d6,3000000000000
0:a7b58d1ea2e0920d783940891574396dc985bc8699ea028cef308f07112887d9,3000000000000
0:54704567197486ffe467a7079206076551c77474cadd47f18fb6f84d3c5d225b,3000000000000
0:1bb6ff415ec652e64a9c88fed38f346c5c3a9bfc77462ffd10c3e5ec9ac6fecc,3000000000000
0:82b878c4b1b215b30276bd7170f9bf5c7b2cf6403d9f12d557aa9a6e87f0afd4,3000000000000
0:28b66d6f9197478660a895e35e2896f44ad612e18d9568f7531b4c80a0f2cee3,3000000000000
0:5cf925a2cfef5aee19dad1fd4fa677789620f4880ea74b28afb83d83770afeb8,3000000000000
0:eec653c3121f079bf94169561ab790f736b9ccdf6f387d58883c0b5831daa3f7,3000000000000
0:3d6a48ef91f004f155a455c12f3c499697b7fb06755b8c781c0c2d85b180f5e5,3000000000000
0:f0fad290fc79862f1e7370bcc0683aeef566b8fc1b1a9ebcd8f278c0eed37c0d,3000000000000
0:000de96a218abbd640eba82a5482255c08e3c8495c6c8445fa55a289749f0fcb,3000000000000
0:956a0fd6a068278936ccc4451e2786c1abab85389245010c3046a0a55bb8643f,2800000000000
0:e655456a88dc0a717f0b3e9fffae4b852555b6b25034a59d87e9b663735ca864,1630000000000
0:8c3f08d284019ff378e9a8e42df4a06dbda23122d8d3a611e9d4eef72ae0de02,1500000000000
0:66436ab874b62f8e5e3a41bb54d22f3623dfa58ca50a45985483a0b1b935e007,1500000000000
0:0d005c343fac46e63bd89174f4b09c1dada8e371d11d8119e441c8b8b7aa52cf,1500000000000
0:9ebf6f07e4a0036909d5847a7c31e8199d87d0763105e4810525c3e6e65eb79e,1500000000000
0:5e743fb971a66211555679ec13dc5aece4e6f86ede791bb95bd8c8bf215c07b1,1500000000000
0:b8710b1c2f0314d75a6814f39ce903d6c440d2daa79bf1ffe3df5f17c1504011,1500000000000
0:d1ff5a718e29f13b32271ac5fa7aee6ef54e2453d43b09a99210e29422877bbd,1500000000000
0:3f2de4290fc11fe19a8989b1396b3eaa91ee094f2d7859fd8e6ac7bfbfd3bb26,1500000000000
0:e79e2efacdd04b2ad4bed676ec922da092c65240db3042d651cd10c59ec6e689,1500000000000
0:3e89d48359dc1c24296cc4fbe2b8610db945f7464a7eabf4e0a4d6df9cf974ab,1500000000000
0:c4851bb30a7838e0f69a8afebed37ee13a608285864c5b90d82dba96de1e5e83,1500000000000
0:8757acefe1dd7651a8d1fd08e4b2097e832f3c6678ef91d1fd37d12ad2c37a77,1500000000000
0:42c71364943f7f5b396c5811218e78f6066b2d2c8779db48c6c54a38c168a33a,1500000000000
0:69f93f81fea7448f4af78436336bee22019c198c3777e734dd97b8aad455be08,1500000000000
0:be0208354ac5f8abda1be3edd1f874d26bde723fa9e5af2d688886e30109696d,1500000000000
0:9572cd694de334a4524529bcdbf90e12fb77c7e851ee1eadf90d5d392de8f136,1500000000000
0:daea9195b530b17a86154a1953f2254b6e1580621a2c0e75e10f528455ac87b4,1500000000000
0:df869076702070386c6f82f733e6cc5a9a656ecd816cb35cb40c6e46ba52420c,1500000000000
0:be75c94078b13460389882d0785889c244f248c17eabff6c07e0db540f3af14d,1500000000000
0:ecb22230c930dcc1892abe93191dc58fd61cd0c6b92421c7232a7594c3d308bb,1500000000000
0:7392ee1d2063b86aedc401ebda230e7e2b3e7436ae6ceaf9aa4a6f68329f6647,1500000000000
0:b5cc9d34948493b64e80e58d1dac09669dd7cd9b9ba045025d6e6cf96c046473,1500000000000
0:cd72eaac82ffa6325deb96be08c2f08307df77515a6a300678a9b5fd3f604f92,1500000000000
0:0a7ebed0a1a8151fb83e2d1dc8fa377cfca35c8ec9e8e16c26f5ba0df5f5efa1,1500000000000
0:68f05258518d0a6732d5b048a8cf0c81924ede3c83bb16047728fd5b4c6ac459,1500000000000
0:927db0ae64571c705391049565e4d5e1cd4b9d7988040b240c95b612d04f3926,1500000000000
0:c1dc70e0880690045fed7f0ca819e2bc51c94ef0d9a4a2235d17e764abd2213d,1500000000000
0:7ce214235e5c7c593329b5f4e7b356fdec50edb327cdf0a5919f314fe3d372fc,1500000000000
0:ac95871c9b4ac923e0dffc6e2aa88fcd122ee22196112e499b36e817872293af,1500000000000
0:5b03ea6c9c74a3879d9d61bf70fd1bb46c6e389e0cb6bff7e3a3d49947cbac86,1500000000000
0:67d7fe06d400571e887907d82e58c3308fd6aa681d593620d36cdcd97a13b515,1500000000000
0:912c3c17c68f8aacb23775588b35ac4680a17f72d045d4545bc7431ab17d3c44,1500000000000
0:a1d98ba6f57d90fde0a0b5ebb3f8665f7e966143a5c5bb765c8fdae95e0546ec,1500000000000
0:6adf692ff4b379ff26f3e9ff1edba511cc13021aff6b7bab0e0b20c3f0946c0c,1500000000000
0:80412a76e4fe1ec7baa174e3a07872dd8e1e2ac51c8d1950b3f7bec9c813eee0,1500000000000
0:f7f17171507113ca8bd343495deea6b73c4fb760844763c546d4347af1975a4e,1500000000000
0:0f8622903196954d9e878f14e7c73bb048df68d303f10d931096ae70fdc18dc1,1500000000000
0:85f2c9af9d041addc71844e44c5eba166c0142aa87df9babbeabd2cd07ff4381,1500000000000
0:89fd42bc3b32285af9c6c43d8aa9fd8a6b4b5cd255607c962027576f00ba4f88,1500000000000
0:cfe3a4db2175db629abfe49b336ba1a57d1c3c9b1e7a78a863908721f1446059,1500000000000
0:86dba4214b2b0ab43b3e44c083d0696ed5d5c07ea5afad821bdcfa0e88e7b08a,1500000000000
0:7acb02c1d773f328adcb494625edc36dbeb5e9678c46f02ec9315034725bf7ec,1500000000000
0:38ecc0092a6a9a46f4bebbc2a14f08cf91abfa4b343cfa83967748867ae6d553,1500000000000
0:7631ceadb22133635f8f0ad2688fd868625eeee40502da0adfcd181c41d51917,1500000000000
0:c944d11e127bcbc383653bf969accdf64b4f74dd3de88c739097311e0e5b0e32,1500000000000
0:80334318b7f47ccf2493155e220321dd97cb7c1146af3d029bf090aca2d7c487,1500000000000
0:b6544240e571271f7ba917768596fba2d0205943f437336e63d45a9b118b8299,1500000000000
0:4f6c6eaa4209087d6ff5c924fdb0db724ed23fe602183b4bedb756003e21bfa0,1500000000000
0:4bd69b75bfcf5af5595cb8fb130ce39231c623983829d8f699f81e7f48a5c294,1500000000000
0:77dfdd0c571cb0824782be6dca239f82e24d35ab406aad9db3ebd6c6d0dba81e,1500000000000
0:ac0e151c410964cac48eeb3dca6b40aa5f5ebfaf7b693e630b87851e2946fd52,1500000000000
0:20e867cb2a16d9ea3d4eae699aa7c5694ec9ea536bd77217b7ca5185a51c5d44,1500000000000
0:b56f6d2207e65eff31b59a631edc1f444bd70273245eb82028c36d695957dfd1,1500000000000
0:b78e1c08ce9d1d8fc44e0b353790b944faa741b5e78e563d25022d2cf5bf3e95,1500000000000
0:39d5c4a1c9d9336ac06eb56274e41dd68b03a8120e74a5a448f12c20b7989790,1500000000000
0:c80156da04d10c5a5678263c5199be900068a0c7e777c38a7a999bb1ac79fae0,1500000000000
0:ff10906c7ab950291756200d2c9d5a84da8452982ec6f5752cab2a51dec97d04,1500000000000
0:1b6ffb4dad78152a6111203422165b20d31ddaa75f59710915583f376ee00cff,1500000000000
0:7d48aa79ec7b2d1cdbe4c25fc6ad2de607ef88c51b10153bf2a86e590334acb8,1500000000000
0:cc31af556bf975ea815840ae32a4a8afd8f4881c20b7078e6dccc860ea64a4fb,1500000000000
0:05a49cbf882dd306cccaa35cd89ae8d3f447000d1ead959b8d35d97af54ef518,1500000000000
0:aadd4e209b4332a516751f1c06146509b512d5d38e4a7be601d2ce6c1f0bb458,1500000000000
0:41bbfe739707c5238aa87fee2baeedc63546ae7d86ce1fc0347a1e92fe80f1d1,1500000000000
0:ff8fb7cf5942aff6678452155b13623fe4cf4b87376a509eb515b85e00641656,1500000000000
0:d1eb103c31cf29e918bf2e455af842bd4ac93c224158c851705a7f047a9565ad,1500000000000
0:2b76e869db7285eaed3b3af1f817e4120b6944ad77ede8c46038ac3d92f3c616,1500000000000
0:ea42f565c270fc713d6dba903c8ff5a2372c35fcb536ede656e53a9ad5aa46a1,1500000000000
0:06bd98bbeae3cc884e11accc207537200db15ddeaae0c5809887ba586ae4fbf5,1500000000000
0:a7dfc8ae7ebc7c4fa189f20ffb8e294bd8b07d0637cbc59856635347047d1f3b,1500000000000
0:e757aed8decbeb9aca36eeed61fa39f53d5162270bc06770d7773cddff163dc9,1500000000000
0:3927098716bceabd9af66b09e802965a5df791a1a1a6e7040147f972a9039062,1500000000000
0:51625932110be3bb455b4ef7a60d5cc8debad8eb36de4090a7687c567b2ec699,1500000000000
0:b68a7d5fec6543af248277748c810258cdec406b09de37e8f192c860b9945381,1500000000000
0:8e44d5844285cba0d584e6ca097d05a3dd9330b7685818f64b6813d25632c59f,1500000000000
0:3c58b6802c93c28185051823e9d457ef02c836a4266a897f77fa43c9d184d077,1500000000000
0:dad52c170aaf0265893a9ab34c20183888545d78cbd76659973090fd4d8662bf,1500000000000
0:0f51656ba4782474c5b830d5703462a856a63dd002960564d733c995c3867758,1500000000000
0:f17398dc87659c8623ba432da51f175290b32e26c664cbf9c9321b95f32c56e0,1500000000000
0:3544dd0b75c8b6856c8f8104bcdc515b914879aff8ae68e12aa0a1fefee09bec,1500000000000
0:527c1fe85fbf2fb5d56398db279d2eb56a2877b2bcd9d64254064dd66f5150cc,1500000000000
0:2f36abbd29842d6ccfcda5241c551bfa783f236b0d155e0abf14fdf7c23620af,1500000000000
0:bf52d37bed4c3609254276bad44670e2b293a447a68d0e2536692f9d9177ca49,1500000000000
0:f31ae6419f2a73d273289d1bd5090ecb992f5024f9db8ad42eeb1cb5f41bf427,1500000000000
0:ae289ba97bc963cea40c14bde69e0dd29e21f2c70555e9e5f7b9a640649133f5,1500000000000
0:db5eacb48968be7768aab6a38d4402ba48c76a888de990553cc0f763c50a6e35,1500000000000
0:1ca41e014fdeac7eef6ea26ee4f8cf6c2f8963336dd1d9a3c6d96170798e47a6,1500000000000
0:fe8f63910af8c2299d9f23befc12d671c85edaaa56b2122125d352033a018808,1500000000000
0:76f16be8d4c68df8da18205905e3391a68850bea9ca3c18a7513d6a3a6314b4f,1500000000000
0:a14c26cad7ca1a65422dca428a98c88473c4dbdb562b66ca53265e21b017011b,1500000000000
0:717108ec3cdeaefb604bc89007ec1cce5231f56b1d52fda9d8acf1e8ea1c8777,1500000000000
0:35334c8783943e8c3d3b8f280449bf88d7a8a89132b08ea380c0853603e47067,1500000000000
0:8b7f4e8878e194eae4f5837575c0f8a85235862ee0b4e091503ed65fe6af7020,1500000000000
0:26a0b391170c4c527e503735675d3bdf1121fe3e1ee146d0c883b46cfa5f688a,1500000000000
0:228ced73ef194db43a1ff61de9d95696e88b7efda2e2caab946282770f1669b9,1500000000000
0:830e762f635c7976e6d423d3587d25cdee98fd154cbd68539e17b51ef112ac95,1500000000000
0:7cc32036505c7e60cdcc07133640264a94529fe7c1c05079ae3addd69a61f3e2,1500000000000
0:77600adc2fd9c75e76825cf253a3a57efd46b31a105c3b419f7a941dcf68f953,1500000000000
0:f45aef1b1a0b02a10273e01ec62fcecaaa176e2268e6e5125068f328e2fac094,1500000000000
0:c5f9d7b32b4401785525e753ad810e960dc60dda2c16cc53bb5a9be7893cd567,1500000000000
0:b5b8f6eafcb1d5eabd5ff18fb18ef446e769735091f418c52eeea274f9290c60,1500000000000
0:6bf391b9ee827c5ed46a5f019e9ccaa5e10ea88759d469c8fdf2c34652bd4638,1500000000000
0:63c3a7965a66e58ebf4b2719db120362bdeaa81166ecd1ac7bf3654c7c05a71b,1500000000000
0:abacfba2cf29496ccea679ed8f258c25a65b2d27d5df36ca4b42b7fcecffb79b,1500000000000
0:d5b645279291e797166d3e03eae60d791ea6da4f64153c3321c955f5f0acd992,1500000000000
0:cdb185dae3b1f9a662448661f9059f18ddaa187fc3bb8076d22330024d1dd804,1500000000000
0:954d3397785807ef53a14172452069bc705531302e1788bee152d2862f811f2f,1500000000000
0:f17e42a6a2faf864892b9d2032d0ab8e794261ea9bcad366e45a45f30f8d3848,1500000000000
0:1849053d24e8904a4444dc5bcbf9a73f1c9d364186a07745a29795bb41396e44,1500000000000
0:5377a188d1d9c1074b23954adde178a594ab423e8bdef8de1669ce75932aad2d,1500000000000
0:5c18bc1b4a7fbccd62f5fe4af2e970b86ce86495c4e2e8ac22c84110b81c65d4,1500000000000
0:7c9dbe5823a16788795a2c2cb1e8adf169f3f53257cb5ddce7bde13375e7bd20,1500000000000
0:7e4dce39add92b470a5b5aaaa7eddf1d3441b1f8ded9212b4d11f33b7f007d98,1500000000000
0:493d8f0d6714d8aea189ce3aaee4842b2a97fdb8f42a07cb8045e398a1e274f0,1500000000000
0:9f6269037c149e8f6b917a488632aaa9c7630b5be589504ee22a495038a7e397,1500000000000
0:24a4b70d9b07e77625b909a998c1a453dea72213ddbedce5d00383ed64593f65,1500000000000
0:d9f878c97dca43e2f15fb64ba33acae641826d0eb53bb0d3ca84c566c6356a4e,1500000000000
0:ce7e18721ff2e1f549a0fbf68b6dab7f872df2772c228504cbabb5a75f94d434,1500000000000
0:025a8e07458e5091fcea202ce81e76ae41f5107ca505afc534adf6f1a5790cca,1500000000000
0:11a1873372f0ab7fdc0197afd830cb204b10635619dfa75ed069159e83ccd8bf,1500000000000
0:0d9951ed992a543f17aba64d49d64e64dfb50e5ba2e95106628fd6077e1dd455,1500000000000
0:26945fca6989235be9d0e873221fca710f073f1d8fd74c4aff55d126e88287a3,1500000000000
0:efe6db9fb68ac26a6acc815a33f3e58ce867ef05834ec33a48dd1e3b7bd28cb3,1500000000000
0:ac5555419f953a0b07eb4d33214bf9a440a5c70d61cc032d6c716bd374b376ca,1500000000000
0:f91fdfa2072e7af290720e5f38ac7f60cf182d40651f307e7bad7cefa75ec764,1500000000000
0:8f6ae6626358db6ea84aa8199150b11c3f9d3829c3f27445cbdf99b1d13a00a8,1500000000000
0:bea38aa29c368c4a71416b6c6841393e5b78e945690877866cd53f75b3de0c85,1500000000000
0:210c091fbbd72510b322f49bde7570633e3c4fca24670544ab012975ea876698,1500000000000
0:7e3be5c1626a258c23976d2b2849336388b216248b0b7e886a8edd138d9a8b58,1500000000000
0:5c3b63489c6f35d9d816acac0a61931bed7aed3f4a3c1b0fc4a178e0d87ea01e,1500000000000
0:8fc05e36a96d889e9b07920146f77e450cb688391f8157cdf8e03cc7a1057d74,1500000000000
0:2beb5b356db85267e2953ef7850bf1b5492de17ff07892489f299ae09b4d6702,1500000000000
0:ee5e2077c635e1be95a7c2ceafc2aa1274b2f96d2d82af9acc958bce07dfe006,1500000000000
0:5648571da508a7118c4c98ddecc8b791ab2238cf1c7a783f3c05afa9e5e84bbc,1500000000000
0:e2ce1bf861bffac1979ac317b18db198bec618c73417d529d3a49ff2e78234b9,1500000000000
0:5833c81726dce28afd63cb9f4bfcd25a40b953679d3693ac7dbafd7ff03cec2b,1500000000000
0:25aefbe0c450181a477598c5fa5ef32b11c3e5afb2bbf1113f47040fa561a7e9,1500000000000
0:dba15af5b076c483b6b3cd8a7c42967ff90c40fc044a05506643001b6914ad77,1500000000000
0:c3ce282272fc042040aa3a0659bf260bd87cc88135e234698984e478dd462605,1500000000000
0:b501fe99b735882e7c13bddc8c7743227e80aed1e26967ced377baf550290518,1500000000000
0:d592053248007cf9bcb1c442dc7fd2c56f11299a8e3bb5a00b21fff4c53d14b6,1500000000000
0:a47766dd6a87176503d72dcba2d5e6762c431c1430f075b43faffdeb7b41f818,1500000000000
0:f673912688608e017847c7bf84ac611979720994bc737e26d855c168b4cef86a,1500000000000
0:a9b88321cb91d07320f9bce78956968ad64623f94976c85cefdfbd7763a8c014,1500000000000
0:23d7422800295f4ddb1580555fc02ed65c879c4d6d3d9cfa930643f0ad3ef187,1500000000000
0:36760bbd0e11ffcb11123eb79a2e9aca0bb0cc02292fd0a2f1a9238a4f81c554,1500000000000
0:f30b3f71669755057ab9bf308f27dd9bad8e2ba97f822d75127b304895189195,1500000000000
0:e7bbf62f77916d74f04f5e2b0585302af31820e5b3cae0a647f238aa14c6c991,1500000000000
0:f8dcd619615a15413c530d5644b812bf7dc433dd1590252cad32538eda5a1724,1500000000000
0:0649d02f36cf3a0dc35bd615e59a939bff823b53b69b57f2e98e0f06b9e00610,1500000000000
0:28428eefe92bfc91276b8740de7bcfc54ff4ba63fe7385c3e8edbdb8b4cf1217,1500000000000
0:1b226cf55f60e6eb3827df9f23aaee8f27b2b5371f1bf733780326bf9bb4d4d2,1500000000000
0:93dfa89b2631eef0790b8c1a2a11bdeb7528fe14ef6f90372e25a7d6d29e7298,1500000000000
0:c52024b17183ab51947b42046f1455de74eac485db7c20dd91481e4e015e0291,1500000000000
0:61ca97a0f1f67115d13c7df265c21907508edc828f57ac19a8899ee8ebb6d04d,1500000000000
0:de5d484c9e388c25a9795c55ac43e98db1ad5c19a85dad85874872d642973e61,1500000000000
0:8ca15fc82385f09897fec7d8f3308833dfb2289df1cc93ecc92e3fb9a3d6f2e9,1500000000000
0:a534cdf9358e226ead6c01d01f82858674f5d212de1aacf4a81442a6df6480c0,1500000000000
0:e90a4a2fc2fdaa3b11f62ad3db54eba2c46f45e5f880a590b7f47c891c683f68,1500000000000
0:9f9f9ec6a11cdb5b9c24b2a8a4f2613e0f5bfcbe01a808de1aa2e9f9d350203e,1500000000000
0:7c17049e857fadd724cb42c89f8ad82ecbc1318d1dbe590cdcbb03793f99409a,1500000000000
0:c451b2f877700a6e938b135625b8a1de19f2a56b2fa38c4f63bcd384d248ebe1,1500000000000
0:a1ef6f5d3d99bb954f2f7e79cc1cd1b59e24a42303347649b8ded633a41e89fa,1500000000000
0:0dd2fef682ce6ad2836c6670b137677617bdf558f6ade08c9742acf6ce32e892,1500000000000
0:d6e22b7638bfa3684a9cfe13e4221b3f3ca2428d6866f52d0e699f05bc8a5a7c,1500000000000
0:1004ad84e7daf9cf45e66a86672ec302b53c47631d72fd72c96bc7a5102c2113,1500000000000
0:91be81b30fac20f78c79971df205c27cf47a375c2771681d6c5953869ac62ab7,1500000000000
0:fef7fc3685316b42dc649a3347b73d9ac2a1ad4b7971be8c4143f3d5e15e0760,1500000000000
0:c811244f8d854b8e31b60c7ff0e517e2f338fefc7296b0d8f7408df54a4d3e9e,1500000000000
0:8a0a2357007ea6e4ff15ffd5db891f1627c1212638a826f3d133212334fa2c0e,1500000000000
0:73d95e379c47b0d404b7b3b0342d800bab8ee3f920f5dac3a5da7edb2c7e94cf,1500000000000
0:04da04504c940bdff54c72e6b70e6bc75456be91ffe20d790d1f4b8e83330979,1500000000000
0:c47bd4784f2d6ae51434ca9e04b5f873340eac133eef155a5e3e5009b8c1380a,1500000000000
0:9c7167d56bbef7e8734c75bc51fdda2ffd1e50512933be76aa0062100a24616c,1500000000000
0:bcf9447020e623303d820a6eddb8e5c38cb85b8c61cd1bdae919de7e6f379d45,1500000000000
0:96f64776d6607aa6beca20dc3901de266c003550591a77a68957f4b4cfc25a79,1500000000000
0:2cb57cdadfb4c2d4cefde3e3479b11c86e423f529176e9f493153211ef36d762,1500000000000
0:8b34c17ccd7caa97b5c2996b91573b8db5ccf357c70501a04e867231a931b93b,1500000000000
0:95df5493203391fdb4a8a239b245a2f15c3dff2e76f46d1eb75cdf03eab85fde,1500000000000
0:4d51de5ca9092c36cacae5f80d82dec3c81c04957b243022009e10c3a1d16e68,1500000000000
0:6c64e368db06a6f4336cbc91d1668f73d29e7c30c81236d98ab3cc217260248e,1500000000000
0:fd4b149fd2d7f37918146253fe6b1a67bcd39acd57d0ccbf9454d276718422bf,1500000000000
0:006d011122b1e00dc4bae908b2b6b33b5f061ff34db69489568a25a609f6a663,1500000000000
0:3caab5a44464d8f5427a2e245750ceb5c0f0461e820562c333d04e718c36e62d,1500000000000
0:5a971c7305df8f2c3faf37a7ae56f9bb1fb46a5cd18293001b03a3cbbb27b848,1500000000000
0:9e73693dfd93e92910eebcabbcdd404d1a7a5acc9048e99e7b06d77aa56b8642,1500000000000
0:bcca8321d5e0efb88d42a71141b33ba27e475d1978c7cf1e022a5fc9c509b22e,1500000000000
0:99af6dae1e408a84c03917a8ad5d8a8a3575fec77ffa25451c803c84b9b216c9,1500000000000
0:f3430862bb55d03549daf5ea7943fa9780cc4ba156e4733933f734259f989629,1500000000000
0:827fc37fe6bad8bc306aec4291e7e50ba04acac127a00afd995295dbab89c1f2,1500000000000
0:65e7c37adbebb9dcf74be10c5712814f39c1e482bb68587f2d3f1126ecaac65c,1500000000000
0:e1f089c404170c3fc95b297f22f84f6ef7026239f73afdb1692bd37ca8158536,1500000000000
0:2f301076265422e14e22ebf02a555c19d5a4110d4be7fb45c58bb8925c8afc69,1500000000000
0:b4f70e1d2ddaf7c942d97b41fa0e5c9f800fc9ce50169cf4767a2f7190ef8e15,1500000000000
0:8301d7f0dd7f2318a5e9db3fa779e005d037723659c72cf6b4bd8004baa5b157,1500000000000
0:052bd1fa02eac3af643a198b864ec8f4cddd94ff87ef3d60f6e31cac531d467f,1500000000000
0:30cab65202ca61d88c9396549ba4aaf0f6f56d7f8ecc81444ff739eb96f157bf,1500000000000
0:a8ce27319ae44ba41c7eef2551604b2620dd7daf67a1120fb2ead7a47c4c73bb,1500000000000
0:7033d700fa215cd18cde798f3146d71ab4b0b837c7bab5f5d8dcb7b99787aa4d,1500000000000
0:4d23a5bb1448be2484834755df4c30b0126b33d0ed6e3bdfe9534b81bba58020,1500000000000
0:92e9fa85adabaebfb4e97764db0b5391ea888fe96ef16bbdf00d1745b87f4bc8,1500000000000
0:c8301e5a6e55179c2c7ad074bbd9a8d0f260e8132b25d462b85d95b5be05d73e,1500000000000
0:67943f26658b3637453e88e6a839e65bd52f29084546932f47ec0cc7157145f4,1500000000000
0:09a60c36e31b79938be7f6d161636f8046beccec6756fc3ee4934ce67504e9f8,1500000000000
0:93fd41d83cd95d807504775f015cfb20d1e8ec8642e9aa79541a5f270b00a49a,1500000000000
0:cf18d709a7983e3503f112b8007173560fb65504381fc02763b35e7fcea4dca2,1500000000000
0:06034eec2954e32120502a956fe3d56621d81f59558957246c7984605e57c0d8,1500000000000
0:3e7423e05ca3f5530a76a5219525c3dbd256a519bed6beee440a1e881ee7366f,1500000000000
0:d3d2bbc1dd26afce47985e4c88faecfd2b43e9a32a08b3f286155c24b4ccda9d,1500000000000
0:895c36cba148965a557bc0862abe87518bcfcccbf21b2c92cbbfe0b68d554500,1500000000000
0:330175698b4cd2b3af983c1ffb64967d91b7321e030f3cec1eee174c02afb78e,1500000000000
0:b138b0a6c7b219440e8ed1a8b6fb45636cc6e99be167b7557b42f98b9ebf606f,1500000000000
0:dad27d002411f32c2a5071d98a117f89044d1d14daed79b3d648e6da56ffd70e,1500000000000
0:3258d78fc8cf05245c3254a2f2b8238eb163b46109a13023a00f4e3191219e58,1500000000000
0:1e4d558c7b48522cdf077f8ba63913d709b1d20f37a04c2669c310c5e397ad9a,1500000000000
0:72eacd3a3a821607c646141990ad66b57e3b025530923270cde2d9bd01cc0ab9,1500000000000
0:5e2c4a7c21cedd009325c395419651b4235b2a849006f53b13e1c10329db3d4d,1500000000000
0:21a6e995287e3d8e30f0c1b3277df5dafc25f934595afc6a84d3a429e0610619,1500000000000
0:0b6383c029db7f1ac03ec2655eb202f0964f48ad50831f0575219cf42247c339,1500000000000
0:c4a8bb239689751345b96734e6c1260d83e24e38b652b652561c88ebab9e0f86,1500000000000
0:8ab625080d51b72af472e852f5ef298e778cf11582c02d0d1e2d3fafd68b093c,1500000000000
0:a99291a5d447c4090c999387a3380ed860a18c20b2ba38565294af88feef84e8,1500000000000
0:f121aa1c4d3a0809c62b60e15070de0134b488f90fd4266b70728504c2a0d2ef,1500000000000
0:000e9da2d5443304688b6327e3a5831cb28724459223a51becee2c246f833853,1500000000000
0:04d4247ce85b280eb57c581e9b8537ce14f7eca7cac7f2d095890cce6e2d4f9f,1500000000000
0:854647c93903fc6e1d313cf23103fc4f968a57af1d74381ebaaf8b094d20056a,1500000000000
0:8fa428af74e9fd6301d6c430297aa6581e02b0c8ae8d3eeac90963c5721f8ab6,1500000000000
0:7f25afa5290241b112a2ea437aacd029c8c35663674337ab88923c66181ea6f0,1500000000000
0:b2eafb71a909b0a43813e5a295e8d2fcda9e8d5955614998b410daef9784e5b8,1500000000000
0:831f6411f877995d90f5d5d482481bebfb8153b82aedf590d3f0b1b4a26bcf6b,1500000000000
0:f47ebf5e817469d865eea21271e5ec041617fa3a6673854e2a4c53c6ea137c5b,1500000000000
0:e8f8973cb9422ef2c4ca8dcd78b41ab55f76678f9538767917ad56a0eda50d97,1500000000000
0:bf4497aa4e93065b59831dc7f650a534dc09d05695912641bb5bcd57fd18cc7a,1500000000000
0:d560dd8c38867ee9c3526895b9088d65c1fa8816cf218adf296ae97ffb0fc4ea,1500000000000
0:e0cf565397df2916cbce3ba9345b6e490c26e6587aeaa489d214674aaed271a9,1500000000000
0:e0ace707fefad5afcccaf59d54d32370519c8b754b0604a95a3604ca24a15c71,1500000000000
0:c254ff92f5742e57c5e3d3f722ba68bfd14e81c3540b1b4b2c20397e26220db0,1500000000000
0:327f7df9b1daecb79aced1ce9adb37a8f763d4589a7b216e4df6431e9f479916,1500000000000
0:dc2f6033435bcd88a735d632a726a5582c72c718848851844f898f45a31ef1f7,1500000000000
0:27a942ee60434b2789ca36bba92ab07e4a789cd2b04ffefa3e7dbb444fe7e76a,1500000000000
0:759e00f5fbca35174827eab3fbac25d561606ef9d3ad59be43f813fe1388d0c3,1500000000000
0:db48d7b0227edff0e99e7036b1db8d1908bcbee5efba0c0d5ef611d9df518506,1300000000000
0:7996a5184afc6a50504545898496ce77a3982e8c41ecdf5388fd012e470817e8,1300000000000
0:5b2523ee5850918b42c907f09cc59f218dd25701d37daf30158df29ad06929bd,1300000000000
0:76026e2bf3fab8321abb69af897ae8baf08cc209678c3a0a87d4e70d31333165,1300000000000
0:16645d35795de253787c3ce2e3aef33668abc57fe357dec00db750494968825f,1300000000000
0:ed0bb560b20f6cf440b3ec340734f228be8a680bb2b4115d8662076e5bf30cfc,1300000000000
0:3b511f6a302c0b0eeef9ef69a03a3667d0c9c77a02b1dc88a3cbe93d65e92fac,1300000000000
0:027f40fdfaff1da64362a628a2d8179bda01710fc4ce39067a7fae9a859e8c4e,1300000000000
0:6bcf58e9bca862a1a49dbe83bec6c5354fa7bf973cfa60053a3e484271e21d38,1300000000000
0:7e6f09bde79be4a5af737bc20281da3ee3284c5b9266cba51f470f9495dea389,1300000000000
0:5a38ed501e73176e338fd0d867209fcb26e1bfb5f618a0f12bff4748a486946d,1300000000000
0:a0ec3261b821f0257220fe67fefd4166bc6c7bfbf229af6660428fba2678332f,1300000000000
0:b412524917f8a9462b5fb5f775ae4f88ecde94d8791dd93c8cfbbef144043f83,1300000000000
0:5482062756899f578c304b41809e80d8f087598ad0629cf13ddc341d034de320,1300000000000
0:b2c9fd0e2d683408f082fa5f0c9abc33b9c7fcecdbfad7927c9b82a2075ac1e3,1300000000000
0:84270ab33256e14e0d69cec56140899d4c055ae8293f8f1fccb3f71e32ae5cb3,1300000000000
0:84943e107c215fd77ab6a72c0970a1e412b016247634635a90e323d72b94e643,1000000000000
0:70ac575bd2205158969bfe8ba0bdd580559b40d0e4fe61e6e7e12e2ca443718f,996604155620
0:3d6e2315101b1e8232c6406113b129bc320a620d07c09e53c3db2995f22b805c,500000000000
0:2e447ec21c4a9247de5bbce7c8540eb3c41036ca1fb4831ebf8fc9a387928b6d,500000000000
0:78368ec852c9f409f3ee9e407ad4f9d1a8994af92229b19f5c58efcdef2f1b17,500000000000
0:7a70c7e7131e6ffc6fb375eeed11f4af699432cc38838ce12883e4ce0e135bfc,500000000000
0:f50ad24c3d67daba34455296b68e8f3bb37103c72a75cdcf2edad20e8d80a735,500000000000
0:fcbbdf0d533102e2c47158390a594b8e57fee71dd411a60ec536a38e2808cca6,500000000000
0:9a26d78f9759e68471a084399ba60eb36f15c639b0e89b643edcb0d8ae6f8cc4,300000000000
0:0bb548c3ff2397040c7593ad99c1e6743ecef4700df8b7f4a666a42ac5122b5d,250000000000
0:d4fb94b34cfaed2cda8ae7b5609d412d122bf6aa3c6f7201b5a753c98f92adbb,250000000000
0:a5f18790527a2048492deb0dbb7aa47e6b07180688b6a62868eaabb7e8c32a92,250000000000
0:35f266424de20ef72844413c57f09e365df0e9136b49d5e69424c7b559acd69d,250000000000
0:ccbceeaa104e599e6b2ebcc6c88a92dfa34938dfa816c1621cda10efb9a61f8d,250000000000
0:dba0f379bbc3f1b6218478001b38734ed40cb52919e508cd2fdf9e9307e8d897,250000000000
0:e5c7ffb2b3ed2291a47c051dda4c9d675f0115de32621dae3c4bfcb360ec3702,250000000000
0:79e806fcbf7e1e24e8e2c5a6696062f0c8beef62146ce0c6d28a1bb8b15d4536,200000000000
0:eedb0d08b289f65ed5531f83e4d73e731c0e4a73842a5b266284c111dc7001cf,150000000000
0:3cce24f1570ea3b17a40ff069f45160f1fb38690ef2d9ce030be54f3900ae6c4,150000000000
0:2e2ffc8a5246d17e87e2dd1dc7c7f82da59d963c79475df80c9334a62ac034b1,150000000000
0:460815408a0d654bdbfb97e9f3034173de9cfb0ddc3291a57909678d68b5a56d,150000000000
0:24e22149f2b94675e7c419fb376bdb1ebf7725eeebb0147f9b0e33f251866f75,150000000000
0:9e49687b2239dbf67c8167391b7fec3decc50d66417fc01d16875958e73233e0,150000000000
0:ab25209f9441f14c49d488c606ea5a31c724304f7e80fa45901e116c5b8e8089,150000000000
0:74566a600226604adb5031c89a56c3c0f9b7d603ef76151276e722358e98d74e,130000000000
0:9eb73cb31e9cff81dc1692a596391c4170d291f216f621b6b1a76767ea004337,130000000000
0:6bc5040bbb94cfa46d5fd5f728394d3dd91b36743498f49be3ee9790db44a057,130000000000
0:4c589057078f6467cbaca9a8cbe9de41eac408f798d491e0461925e2f2eeeb00,130000000000
0:a3f867ec28ea29b8980b89d319079c04be69d8d8fcd9497b420e4fa6f195e0ed,100000000000
